{
  "n_items": 400,
  "accuracy": 0.2549999952316284,
  "mean_confidence": 0.7363510131835938,
  "ece": 0.4813509990274906,
  "overconfidence": 0.48135101795196533,
  "subjects": [
    "high_school_us_history",
    "high_school_biology",
    "elementary_mathematics",
    "computer_security",
    "professional_law"
  ],
  "n_per_subject_requested": 80,
  "elapsed_s": 24.9919912815094
}